// initial commit
Commit 1 on Thu Aug  7 20:07:38 UTC 2025
Commit 2 on Thu Aug  7 20:07:58 UTC 2025
Commit 3 on Thu Aug  7 20:08:18 UTC 2025
Commit 4 on Thu Aug  7 20:08:38 UTC 2025
Commit 5 on Thu Aug  7 20:08:58 UTC 2025
Commit 6 on Thu Aug  7 20:09:18 UTC 2025
Commit 1 on Fri Aug  8 09:51:11 UTC 2025
Commit 2 on Fri Aug  8 09:51:31 UTC 2025
Commit 3 on Fri Aug  8 09:51:51 UTC 2025
Commit 4 on Fri Aug  8 09:52:11 UTC 2025
Commit 5 on Fri Aug  8 09:52:31 UTC 2025
Commit 6 on Fri Aug  8 09:52:51 UTC 2025
Commit 1 on Sat Aug  9 09:37:09 UTC 2025
Commit 2 on Sat Aug  9 09:37:29 UTC 2025
Commit 3 on Sat Aug  9 09:37:49 UTC 2025
Commit 4 on Sat Aug  9 09:38:09 UTC 2025
Commit 5 on Sat Aug  9 09:38:29 UTC 2025
Commit 6 on Sat Aug  9 09:38:49 UTC 2025
Commit 1 on Sun Aug 10 09:37:20 UTC 2025
Commit 2 on Sun Aug 10 09:37:40 UTC 2025
Commit 3 on Sun Aug 10 09:38:00 UTC 2025
Commit 4 on Sun Aug 10 09:38:20 UTC 2025
Commit 5 on Sun Aug 10 09:38:40 UTC 2025
Commit 6 on Sun Aug 10 09:39:00 UTC 2025
Commit 1 on Mon Aug 11 09:49:25 UTC 2025
Commit 2 on Mon Aug 11 09:49:45 UTC 2025
Commit 3 on Mon Aug 11 09:50:05 UTC 2025
Commit 4 on Mon Aug 11 09:50:25 UTC 2025
Commit 5 on Mon Aug 11 09:50:45 UTC 2025
Commit 6 on Mon Aug 11 09:51:05 UTC 2025
Commit 1 on Tue Aug 12 09:41:26 UTC 2025
Commit 2 on Tue Aug 12 09:41:46 UTC 2025
Commit 3 on Tue Aug 12 09:42:06 UTC 2025
Commit 4 on Tue Aug 12 09:42:26 UTC 2025
Commit 5 on Tue Aug 12 09:42:46 UTC 2025
Commit 6 on Tue Aug 12 09:43:06 UTC 2025
Commit 1 on Wed Aug 13 09:42:12 UTC 2025
Commit 2 on Wed Aug 13 09:42:32 UTC 2025
Commit 3 on Wed Aug 13 09:42:52 UTC 2025
Commit 4 on Wed Aug 13 09:43:12 UTC 2025
Commit 5 on Wed Aug 13 09:43:32 UTC 2025
Commit 6 on Wed Aug 13 09:43:52 UTC 2025
Commit 1 on Thu Aug 14 09:43:42 UTC 2025
Commit 2 on Thu Aug 14 09:44:02 UTC 2025
Commit 3 on Thu Aug 14 09:44:23 UTC 2025
Commit 4 on Thu Aug 14 09:44:43 UTC 2025
Commit 5 on Thu Aug 14 09:45:03 UTC 2025
Commit 6 on Thu Aug 14 09:45:23 UTC 2025
Commit 1 on Fri Aug 15 09:38:37 UTC 2025
Commit 2 on Fri Aug 15 09:38:57 UTC 2025
Commit 3 on Fri Aug 15 09:39:17 UTC 2025
Commit 4 on Fri Aug 15 09:39:37 UTC 2025
Commit 5 on Fri Aug 15 09:39:57 UTC 2025
Commit 6 on Fri Aug 15 09:40:17 UTC 2025
Commit 1 on Sat Aug 16 09:19:13 UTC 2025
Commit 2 on Sat Aug 16 09:19:33 UTC 2025
Commit 3 on Sat Aug 16 09:19:53 UTC 2025
Commit 4 on Sat Aug 16 09:20:13 UTC 2025
Commit 5 on Sat Aug 16 09:20:33 UTC 2025
Commit 6 on Sat Aug 16 09:20:53 UTC 2025
Commit 1 on Sun Aug 17 09:18:58 UTC 2025
Commit 2 on Sun Aug 17 09:19:18 UTC 2025
Commit 3 on Sun Aug 17 09:19:38 UTC 2025
Commit 4 on Sun Aug 17 09:19:58 UTC 2025
Commit 5 on Sun Aug 17 09:20:18 UTC 2025
Commit 6 on Sun Aug 17 09:20:38 UTC 2025
Commit 1 on Sun Aug 17 12:08:35 UTC 2025
Commit 2 on Sun Aug 17 12:08:55 UTC 2025
Commit 3 on Sun Aug 17 12:09:15 UTC 2025
Commit 4 on Sun Aug 17 12:09:35 UTC 2025
Commit 5 on Sun Aug 17 12:09:55 UTC 2025
Commit 6 on Sun Aug 17 12:10:15 UTC 2025
Commit 7 on Sun Aug 17 12:10:35 UTC 2025
Commit 1 on Mon Aug 18 09:25:54 UTC 2025
Commit 2 on Mon Aug 18 09:26:14 UTC 2025
Commit 3 on Mon Aug 18 09:26:34 UTC 2025
Commit 4 on Mon Aug 18 09:26:54 UTC 2025
Commit 5 on Mon Aug 18 09:27:14 UTC 2025
Commit 6 on Mon Aug 18 09:27:34 UTC 2025
Commit 7 on Mon Aug 18 09:27:54 UTC 2025
Commit 8 on Mon Aug 18 09:28:14 UTC 2025
Commit 1 on Tue Aug 19 09:20:13 UTC 2025
Commit 2 on Tue Aug 19 09:20:33 UTC 2025
Commit 3 on Tue Aug 19 09:20:53 UTC 2025
Commit 4 on Tue Aug 19 09:21:13 UTC 2025
Commit 5 on Tue Aug 19 09:21:33 UTC 2025
Commit 6 on Tue Aug 19 09:21:53 UTC 2025
Commit 7 on Tue Aug 19 09:22:13 UTC 2025
Commit 1 on Wed Aug 20 09:20:56 UTC 2025
Commit 2 on Wed Aug 20 09:21:16 UTC 2025
Commit 3 on Wed Aug 20 09:21:36 UTC 2025
Commit 4 on Wed Aug 20 09:21:56 UTC 2025
Commit 5 on Wed Aug 20 09:22:16 UTC 2025
Commit 6 on Wed Aug 20 09:22:36 UTC 2025
Commit 7 on Wed Aug 20 09:22:56 UTC 2025
Commit 8 on Wed Aug 20 09:23:16 UTC 2025
Commit 1 on Thu Aug 21 09:20:29 UTC 2025
Commit 2 on Thu Aug 21 09:20:49 UTC 2025
Commit 3 on Thu Aug 21 09:21:09 UTC 2025
Commit 4 on Thu Aug 21 09:21:29 UTC 2025
Commit 5 on Thu Aug 21 09:21:49 UTC 2025
Commit 6 on Thu Aug 21 09:22:09 UTC 2025
Commit 1 on Fri Aug 22 09:20:24 UTC 2025
Commit 2 on Fri Aug 22 09:20:44 UTC 2025
Commit 3 on Fri Aug 22 09:21:04 UTC 2025
Commit 4 on Fri Aug 22 09:21:24 UTC 2025
Commit 5 on Fri Aug 22 09:21:44 UTC 2025
Commit 6 on Fri Aug 22 09:22:04 UTC 2025
Commit 7 on Fri Aug 22 09:22:24 UTC 2025
Commit 8 on Fri Aug 22 09:22:44 UTC 2025
Commit 1 on Sat Aug 23 09:17:35 UTC 2025
Commit 2 on Sat Aug 23 09:17:55 UTC 2025
Commit 3 on Sat Aug 23 09:18:15 UTC 2025
Commit 4 on Sat Aug 23 09:18:35 UTC 2025
Commit 5 on Sat Aug 23 09:18:55 UTC 2025
Commit 6 on Sat Aug 23 09:19:15 UTC 2025
Commit 7 on Sat Aug 23 09:19:35 UTC 2025
Commit 8 on Sat Aug 23 09:19:55 UTC 2025
Commit 9 on Sat Aug 23 09:20:15 UTC 2025
Commit 1 on Sun Aug 24 09:17:33 UTC 2025
Commit 2 on Sun Aug 24 09:17:53 UTC 2025
Commit 3 on Sun Aug 24 09:18:13 UTC 2025
Commit 4 on Sun Aug 24 09:18:33 UTC 2025
Commit 5 on Sun Aug 24 09:18:53 UTC 2025
Commit 6 on Sun Aug 24 09:19:13 UTC 2025
Commit 1 on Mon Aug 25 09:21:38 UTC 2025
Commit 2 on Mon Aug 25 09:21:58 UTC 2025
Commit 3 on Mon Aug 25 09:22:18 UTC 2025
Commit 4 on Mon Aug 25 09:22:38 UTC 2025
Commit 5 on Mon Aug 25 09:22:58 UTC 2025
Commit 6 on Mon Aug 25 09:23:18 UTC 2025
Commit 1 on Tue Aug 26 09:20:48 UTC 2025
Commit 2 on Tue Aug 26 09:21:08 UTC 2025
Commit 3 on Tue Aug 26 09:21:28 UTC 2025
Commit 4 on Tue Aug 26 09:21:48 UTC 2025
Commit 5 on Tue Aug 26 09:22:08 UTC 2025
Commit 6 on Tue Aug 26 09:22:28 UTC 2025
Commit 7 on Tue Aug 26 09:22:48 UTC 2025
Commit 1 on Wed Aug 27 09:19:54 UTC 2025
Commit 2 on Wed Aug 27 09:20:14 UTC 2025
Commit 3 on Wed Aug 27 09:20:34 UTC 2025
Commit 4 on Wed Aug 27 09:20:54 UTC 2025
Commit 5 on Wed Aug 27 09:21:14 UTC 2025
Commit 6 on Wed Aug 27 09:21:34 UTC 2025
Commit 7 on Wed Aug 27 09:21:54 UTC 2025
Commit 8 on Wed Aug 27 09:22:14 UTC 2025
Commit 9 on Wed Aug 27 09:22:34 UTC 2025
Commit 1 on Thu Aug 28 09:19:41 UTC 2025
Commit 2 on Thu Aug 28 09:20:01 UTC 2025
Commit 3 on Thu Aug 28 09:20:21 UTC 2025
Commit 4 on Thu Aug 28 09:20:41 UTC 2025
Commit 5 on Thu Aug 28 09:21:01 UTC 2025
Commit 6 on Thu Aug 28 09:21:21 UTC 2025
Commit 7 on Thu Aug 28 09:21:41 UTC 2025
Commit 8 on Thu Aug 28 09:22:01 UTC 2025
Commit 9 on Thu Aug 28 09:22:21 UTC 2025
Commit 1 on Fri Aug 29 09:19:35 UTC 2025
Commit 2 on Fri Aug 29 09:19:55 UTC 2025
Commit 3 on Fri Aug 29 09:20:15 UTC 2025
Commit 4 on Fri Aug 29 09:20:35 UTC 2025
Commit 5 on Fri Aug 29 09:20:55 UTC 2025
Commit 6 on Fri Aug 29 09:21:15 UTC 2025
Commit 7 on Fri Aug 29 09:21:35 UTC 2025
Commit 8 on Fri Aug 29 09:21:55 UTC 2025
Commit 1 on Sat Aug 30 09:17:07 UTC 2025
Commit 2 on Sat Aug 30 09:17:27 UTC 2025
Commit 3 on Sat Aug 30 09:17:47 UTC 2025
Commit 4 on Sat Aug 30 09:18:07 UTC 2025
Commit 5 on Sat Aug 30 09:18:27 UTC 2025
Commit 6 on Sat Aug 30 09:18:47 UTC 2025
Commit 7 on Sat Aug 30 09:19:07 UTC 2025
Commit 8 on Sat Aug 30 09:19:27 UTC 2025
Commit 9 on Sat Aug 30 09:19:47 UTC 2025
Commit 1 on Sun Aug 31 09:16:35 UTC 2025
Commit 2 on Sun Aug 31 09:16:55 UTC 2025
Commit 3 on Sun Aug 31 09:17:15 UTC 2025
Commit 4 on Sun Aug 31 09:17:35 UTC 2025
Commit 5 on Sun Aug 31 09:17:55 UTC 2025
Commit 6 on Sun Aug 31 09:18:15 UTC 2025
Commit 7 on Sun Aug 31 09:18:35 UTC 2025
Commit 8 on Sun Aug 31 09:18:55 UTC 2025
Commit 9 on Sun Aug 31 09:19:15 UTC 2025
Commit 1 on Mon Sep  1 09:22:27 UTC 2025
Commit 2 on Mon Sep  1 09:22:47 UTC 2025
Commit 3 on Mon Sep  1 09:23:07 UTC 2025
Commit 4 on Mon Sep  1 09:23:27 UTC 2025
Commit 5 on Mon Sep  1 09:23:47 UTC 2025
Commit 6 on Mon Sep  1 09:24:07 UTC 2025
Commit 1 on Tue Sep  2 09:20:16 UTC 2025
Commit 2 on Tue Sep  2 09:20:36 UTC 2025
Commit 3 on Tue Sep  2 09:20:56 UTC 2025
Commit 4 on Tue Sep  2 09:21:16 UTC 2025
Commit 5 on Tue Sep  2 09:21:36 UTC 2025
Commit 6 on Tue Sep  2 09:21:56 UTC 2025
Commit 7 on Tue Sep  2 09:22:16 UTC 2025
Commit 8 on Tue Sep  2 09:22:36 UTC 2025
Commit 9 on Tue Sep  2 09:22:56 UTC 2025
Commit 1 on Wed Sep  3 09:19:29 UTC 2025
Commit 2 on Wed Sep  3 09:19:49 UTC 2025
Commit 3 on Wed Sep  3 09:20:09 UTC 2025
Commit 4 on Wed Sep  3 09:20:29 UTC 2025
Commit 5 on Wed Sep  3 09:20:49 UTC 2025
Commit 6 on Wed Sep  3 09:21:09 UTC 2025
Commit 7 on Wed Sep  3 09:21:29 UTC 2025
Commit 8 on Wed Sep  3 09:21:49 UTC 2025
Commit 1 on Thu Sep  4 09:19:16 UTC 2025
Commit 2 on Thu Sep  4 09:19:36 UTC 2025
Commit 3 on Thu Sep  4 09:19:56 UTC 2025
Commit 4 on Thu Sep  4 09:20:16 UTC 2025
Commit 5 on Thu Sep  4 09:20:36 UTC 2025
Commit 6 on Thu Sep  4 09:20:56 UTC 2025
Commit 1 on Fri Sep  5 09:19:23 UTC 2025
Commit 2 on Fri Sep  5 09:19:43 UTC 2025
Commit 3 on Fri Sep  5 09:20:03 UTC 2025
Commit 4 on Fri Sep  5 09:20:23 UTC 2025
Commit 5 on Fri Sep  5 09:20:43 UTC 2025
Commit 6 on Fri Sep  5 09:21:03 UTC 2025
Commit 7 on Fri Sep  5 09:21:23 UTC 2025
Commit 8 on Fri Sep  5 09:21:43 UTC 2025
Commit 9 on Fri Sep  5 09:22:04 UTC 2025
Commit 1 on Sat Sep  6 09:16:00 UTC 2025
Commit 2 on Sat Sep  6 09:16:20 UTC 2025
Commit 3 on Sat Sep  6 09:16:40 UTC 2025
Commit 4 on Sat Sep  6 09:17:00 UTC 2025
Commit 5 on Sat Sep  6 09:17:20 UTC 2025
Commit 6 on Sat Sep  6 09:17:40 UTC 2025
Commit 7 on Sat Sep  6 09:18:00 UTC 2025
Commit 8 on Sat Sep  6 09:18:20 UTC 2025
Commit 1 on Sun Sep  7 09:15:58 UTC 2025
Commit 2 on Sun Sep  7 09:16:18 UTC 2025
Commit 3 on Sun Sep  7 09:16:38 UTC 2025
Commit 4 on Sun Sep  7 09:16:58 UTC 2025
Commit 5 on Sun Sep  7 09:17:18 UTC 2025
Commit 6 on Sun Sep  7 09:17:38 UTC 2025
Commit 1 on Mon Sep  8 09:21:52 UTC 2025
Commit 2 on Mon Sep  8 09:22:12 UTC 2025
Commit 3 on Mon Sep  8 09:22:32 UTC 2025
Commit 4 on Mon Sep  8 09:22:52 UTC 2025
Commit 5 on Mon Sep  8 09:23:12 UTC 2025
Commit 6 on Mon Sep  8 09:23:32 UTC 2025
Commit 7 on Mon Sep  8 09:23:52 UTC 2025
Commit 1 on Tue Sep  9 09:20:16 UTC 2025
Commit 2 on Tue Sep  9 09:20:36 UTC 2025
Commit 3 on Tue Sep  9 09:20:56 UTC 2025
Commit 4 on Tue Sep  9 09:21:16 UTC 2025
Commit 5 on Tue Sep  9 09:21:36 UTC 2025
Commit 6 on Tue Sep  9 09:21:56 UTC 2025
Commit 7 on Tue Sep  9 09:22:16 UTC 2025
Commit 8 on Tue Sep  9 09:22:36 UTC 2025
Commit 9 on Tue Sep  9 09:22:56 UTC 2025
Commit 1 on Wed Sep 10 09:19:14 UTC 2025
Commit 2 on Wed Sep 10 09:19:34 UTC 2025
Commit 3 on Wed Sep 10 09:19:54 UTC 2025
Commit 4 on Wed Sep 10 09:20:14 UTC 2025
Commit 5 on Wed Sep 10 09:20:34 UTC 2025
Commit 6 on Wed Sep 10 09:20:54 UTC 2025
Commit 1 on Thu Sep 11 09:19:09 UTC 2025
Commit 2 on Thu Sep 11 09:19:29 UTC 2025
Commit 3 on Thu Sep 11 09:19:49 UTC 2025
Commit 4 on Thu Sep 11 09:20:09 UTC 2025
Commit 5 on Thu Sep 11 09:20:29 UTC 2025
Commit 6 on Thu Sep 11 09:20:49 UTC 2025
Commit 1 on Fri Sep 12 09:18:50 UTC 2025
Commit 2 on Fri Sep 12 09:19:10 UTC 2025
Commit 3 on Fri Sep 12 09:19:30 UTC 2025
Commit 4 on Fri Sep 12 09:19:50 UTC 2025
Commit 5 on Fri Sep 12 09:20:10 UTC 2025
Commit 6 on Fri Sep 12 09:20:30 UTC 2025
Commit 7 on Fri Sep 12 09:20:50 UTC 2025
Commit 8 on Fri Sep 12 09:21:10 UTC 2025
Commit 9 on Fri Sep 12 09:21:30 UTC 2025
Commit 1 on Sat Sep 13 09:16:14 UTC 2025
Commit 2 on Sat Sep 13 09:16:34 UTC 2025
Commit 3 on Sat Sep 13 09:16:54 UTC 2025
Commit 4 on Sat Sep 13 09:17:14 UTC 2025
Commit 5 on Sat Sep 13 09:17:34 UTC 2025
Commit 6 on Sat Sep 13 09:17:54 UTC 2025
Commit 7 on Sat Sep 13 09:18:14 UTC 2025
Commit 8 on Sat Sep 13 09:18:34 UTC 2025
Commit 1 on Sun Sep 14 09:16:27 UTC 2025
Commit 2 on Sun Sep 14 09:16:47 UTC 2025
Commit 3 on Sun Sep 14 09:17:08 UTC 2025
Commit 4 on Sun Sep 14 09:17:28 UTC 2025
Commit 5 on Sun Sep 14 09:17:48 UTC 2025
Commit 6 on Sun Sep 14 09:18:08 UTC 2025
Commit 7 on Sun Sep 14 09:18:28 UTC 2025
Commit 8 on Sun Sep 14 09:18:48 UTC 2025
Commit 9 on Sun Sep 14 09:19:08 UTC 2025
Commit 1 on Mon Sep 15 09:21:14 UTC 2025
Commit 2 on Mon Sep 15 09:21:34 UTC 2025
Commit 3 on Mon Sep 15 09:21:54 UTC 2025
Commit 4 on Mon Sep 15 09:22:14 UTC 2025
Commit 5 on Mon Sep 15 09:22:34 UTC 2025
Commit 6 on Mon Sep 15 09:22:54 UTC 2025
Commit 7 on Mon Sep 15 09:23:14 UTC 2025
Commit 8 on Mon Sep 15 09:23:34 UTC 2025
Commit 9 on Mon Sep 15 09:23:54 UTC 2025
Commit 1 on Tue Sep 16 09:20:13 UTC 2025
Commit 2 on Tue Sep 16 09:20:33 UTC 2025
Commit 3 on Tue Sep 16 09:20:53 UTC 2025
Commit 4 on Tue Sep 16 09:21:13 UTC 2025
Commit 5 on Tue Sep 16 09:21:33 UTC 2025
Commit 6 on Tue Sep 16 09:21:53 UTC 2025
Commit 7 on Tue Sep 16 09:22:13 UTC 2025
Commit 8 on Tue Sep 16 09:22:33 UTC 2025
Commit 1 on Wed Sep 17 09:19:26 UTC 2025
Commit 2 on Wed Sep 17 09:19:46 UTC 2025
Commit 3 on Wed Sep 17 09:20:06 UTC 2025
Commit 4 on Wed Sep 17 09:20:26 UTC 2025
Commit 5 on Wed Sep 17 09:20:46 UTC 2025
Commit 6 on Wed Sep 17 09:21:06 UTC 2025
Commit 7 on Wed Sep 17 09:21:26 UTC 2025
Commit 8 on Wed Sep 17 09:21:46 UTC 2025
Commit 9 on Wed Sep 17 09:22:06 UTC 2025
Commit 1 on Thu Sep 18 09:19:33 UTC 2025
Commit 2 on Thu Sep 18 09:19:53 UTC 2025
Commit 3 on Thu Sep 18 09:20:13 UTC 2025
Commit 4 on Thu Sep 18 09:20:33 UTC 2025
Commit 5 on Thu Sep 18 09:20:53 UTC 2025
Commit 6 on Thu Sep 18 09:21:13 UTC 2025
Commit 1 on Fri Sep 19 09:19:52 UTC 2025
Commit 2 on Fri Sep 19 09:20:12 UTC 2025
Commit 3 on Fri Sep 19 09:20:32 UTC 2025
Commit 4 on Fri Sep 19 09:20:52 UTC 2025
Commit 5 on Fri Sep 19 09:21:12 UTC 2025
Commit 6 on Fri Sep 19 09:21:32 UTC 2025
Commit 7 on Fri Sep 19 09:21:52 UTC 2025
Commit 8 on Fri Sep 19 09:22:12 UTC 2025
Commit 9 on Fri Sep 19 09:22:32 UTC 2025
Commit 1 on Sat Sep 20 09:17:02 UTC 2025
Commit 2 on Sat Sep 20 09:17:22 UTC 2025
Commit 3 on Sat Sep 20 09:17:42 UTC 2025
Commit 4 on Sat Sep 20 09:18:02 UTC 2025
Commit 5 on Sat Sep 20 09:18:22 UTC 2025
Commit 6 on Sat Sep 20 09:18:42 UTC 2025
Commit 7 on Sat Sep 20 09:19:02 UTC 2025
Commit 8 on Sat Sep 20 09:19:22 UTC 2025
Commit 1 on Sun Sep 21 09:16:25 UTC 2025
Commit 2 on Sun Sep 21 09:16:45 UTC 2025
Commit 3 on Sun Sep 21 09:17:05 UTC 2025
Commit 4 on Sun Sep 21 09:17:25 UTC 2025
Commit 5 on Sun Sep 21 09:17:45 UTC 2025
Commit 6 on Sun Sep 21 09:18:05 UTC 2025
Commit 7 on Sun Sep 21 09:18:25 UTC 2025
Commit 1 on Mon Sep 22 09:22:41 UTC 2025
Commit 2 on Mon Sep 22 09:23:01 UTC 2025
Commit 3 on Mon Sep 22 09:23:21 UTC 2025
Commit 4 on Mon Sep 22 09:23:41 UTC 2025
Commit 5 on Mon Sep 22 09:24:01 UTC 2025
Commit 6 on Mon Sep 22 09:24:21 UTC 2025
Commit 1 on Tue Sep 23 09:19:43 UTC 2025
Commit 2 on Tue Sep 23 09:20:03 UTC 2025
Commit 3 on Tue Sep 23 09:20:23 UTC 2025
Commit 4 on Tue Sep 23 09:20:43 UTC 2025
Commit 5 on Tue Sep 23 09:21:03 UTC 2025
Commit 6 on Tue Sep 23 09:21:23 UTC 2025
Commit 7 on Tue Sep 23 09:21:43 UTC 2025
Commit 8 on Tue Sep 23 09:22:03 UTC 2025
Commit 9 on Tue Sep 23 09:22:23 UTC 2025
Commit 1 on Wed Sep 24 09:19:51 UTC 2025
Commit 2 on Wed Sep 24 09:20:11 UTC 2025
Commit 3 on Wed Sep 24 09:20:31 UTC 2025
Commit 4 on Wed Sep 24 09:20:51 UTC 2025
Commit 5 on Wed Sep 24 09:21:11 UTC 2025
Commit 6 on Wed Sep 24 09:21:31 UTC 2025
Commit 7 on Wed Sep 24 09:21:51 UTC 2025
Commit 1 on Thu Sep 25 09:19:48 UTC 2025
Commit 2 on Thu Sep 25 09:20:08 UTC 2025
Commit 3 on Thu Sep 25 09:20:28 UTC 2025
Commit 4 on Thu Sep 25 09:20:48 UTC 2025
Commit 5 on Thu Sep 25 09:21:08 UTC 2025
Commit 6 on Thu Sep 25 09:21:28 UTC 2025
Commit 7 on Thu Sep 25 09:21:48 UTC 2025
Commit 1 on Fri Sep 26 09:20:05 UTC 2025
Commit 2 on Fri Sep 26 09:20:25 UTC 2025
Commit 3 on Fri Sep 26 09:20:45 UTC 2025
Commit 4 on Fri Sep 26 09:21:05 UTC 2025
Commit 5 on Fri Sep 26 09:21:25 UTC 2025
Commit 6 on Fri Sep 26 09:21:45 UTC 2025
Commit 7 on Fri Sep 26 09:22:05 UTC 2025
Commit 1 on Sat Sep 27 09:16:27 UTC 2025
Commit 2 on Sat Sep 27 09:16:47 UTC 2025
Commit 3 on Sat Sep 27 09:17:07 UTC 2025
Commit 4 on Sat Sep 27 09:17:27 UTC 2025
Commit 5 on Sat Sep 27 09:17:47 UTC 2025
Commit 6 on Sat Sep 27 09:18:07 UTC 2025
Commit 1 on Sun Sep 28 09:16:37 UTC 2025
Commit 2 on Sun Sep 28 09:16:57 UTC 2025
Commit 3 on Sun Sep 28 09:17:17 UTC 2025
Commit 4 on Sun Sep 28 09:17:37 UTC 2025
Commit 5 on Sun Sep 28 09:17:57 UTC 2025
Commit 6 on Sun Sep 28 09:18:17 UTC 2025
Commit 7 on Sun Sep 28 09:18:37 UTC 2025
Commit 8 on Sun Sep 28 09:18:57 UTC 2025
Commit 1 on Mon Sep 29 09:21:51 UTC 2025
Commit 2 on Mon Sep 29 09:22:11 UTC 2025
Commit 3 on Mon Sep 29 09:22:31 UTC 2025
Commit 4 on Mon Sep 29 09:22:51 UTC 2025
Commit 5 on Mon Sep 29 09:23:11 UTC 2025
Commit 6 on Mon Sep 29 09:23:31 UTC 2025
Commit 1 on Tue Sep 30 09:19:54 UTC 2025
Commit 2 on Tue Sep 30 09:20:14 UTC 2025
Commit 3 on Tue Sep 30 09:20:34 UTC 2025
Commit 4 on Tue Sep 30 09:20:54 UTC 2025
Commit 5 on Tue Sep 30 09:21:14 UTC 2025
Commit 6 on Tue Sep 30 09:21:34 UTC 2025
Commit 7 on Tue Sep 30 09:21:54 UTC 2025
Commit 1 on Wed Oct  1 09:20:25 UTC 2025
Commit 2 on Wed Oct  1 09:20:45 UTC 2025
Commit 3 on Wed Oct  1 09:21:05 UTC 2025
Commit 4 on Wed Oct  1 09:21:25 UTC 2025
Commit 5 on Wed Oct  1 09:21:45 UTC 2025
Commit 6 on Wed Oct  1 09:22:05 UTC 2025
Commit 7 on Wed Oct  1 09:22:25 UTC 2025
Commit 8 on Wed Oct  1 09:22:45 UTC 2025
Commit 9 on Wed Oct  1 09:23:05 UTC 2025
Commit 1 on Thu Oct  2 09:18:55 UTC 2025
Commit 2 on Thu Oct  2 09:19:15 UTC 2025
Commit 3 on Thu Oct  2 09:19:35 UTC 2025
Commit 4 on Thu Oct  2 09:19:55 UTC 2025
Commit 5 on Thu Oct  2 09:20:15 UTC 2025
Commit 6 on Thu Oct  2 09:20:35 UTC 2025
Commit 1 on Fri Oct  3 09:18:16 UTC 2025
Commit 2 on Fri Oct  3 09:18:36 UTC 2025
Commit 3 on Fri Oct  3 09:18:56 UTC 2025
Commit 4 on Fri Oct  3 09:19:16 UTC 2025
Commit 5 on Fri Oct  3 09:19:36 UTC 2025
Commit 6 on Fri Oct  3 09:19:56 UTC 2025
Commit 7 on Fri Oct  3 09:20:16 UTC 2025
Commit 8 on Fri Oct  3 09:20:36 UTC 2025
Commit 9 on Fri Oct  3 09:20:56 UTC 2025
Commit 1 on Sat Oct  4 09:16:26 UTC 2025
Commit 2 on Sat Oct  4 09:16:46 UTC 2025
Commit 3 on Sat Oct  4 09:17:06 UTC 2025
Commit 4 on Sat Oct  4 09:17:26 UTC 2025
Commit 5 on Sat Oct  4 09:17:46 UTC 2025
Commit 6 on Sat Oct  4 09:18:06 UTC 2025
Commit 1 on Sun Oct  5 09:16:09 UTC 2025
Commit 2 on Sun Oct  5 09:16:29 UTC 2025
Commit 3 on Sun Oct  5 09:16:49 UTC 2025
Commit 4 on Sun Oct  5 09:17:09 UTC 2025
Commit 5 on Sun Oct  5 09:17:29 UTC 2025
Commit 6 on Sun Oct  5 09:17:49 UTC 2025
Commit 1 on Mon Oct  6 09:22:14 UTC 2025
Commit 2 on Mon Oct  6 09:22:34 UTC 2025
Commit 3 on Mon Oct  6 09:22:54 UTC 2025
Commit 4 on Mon Oct  6 09:23:14 UTC 2025
Commit 5 on Mon Oct  6 09:23:34 UTC 2025
Commit 6 on Mon Oct  6 09:23:54 UTC 2025
Commit 7 on Mon Oct  6 09:24:14 UTC 2025
Commit 1 on Tue Oct  7 09:20:06 UTC 2025
Commit 2 on Tue Oct  7 09:20:26 UTC 2025
Commit 3 on Tue Oct  7 09:20:46 UTC 2025
Commit 4 on Tue Oct  7 09:21:06 UTC 2025
Commit 5 on Tue Oct  7 09:21:26 UTC 2025
Commit 6 on Tue Oct  7 09:21:46 UTC 2025
Commit 1 on Wed Oct  8 09:20:14 UTC 2025
Commit 2 on Wed Oct  8 09:20:34 UTC 2025
Commit 3 on Wed Oct  8 09:20:54 UTC 2025
Commit 4 on Wed Oct  8 09:21:14 UTC 2025
Commit 5 on Wed Oct  8 09:21:34 UTC 2025
Commit 6 on Wed Oct  8 09:21:54 UTC 2025
Commit 7 on Wed Oct  8 09:22:14 UTC 2025
Commit 8 on Wed Oct  8 09:22:34 UTC 2025
Commit 9 on Wed Oct  8 09:22:54 UTC 2025
Commit 1 on Thu Oct  9 09:19:38 UTC 2025
Commit 2 on Thu Oct  9 09:19:58 UTC 2025
Commit 3 on Thu Oct  9 09:20:18 UTC 2025
Commit 4 on Thu Oct  9 09:20:38 UTC 2025
Commit 5 on Thu Oct  9 09:20:58 UTC 2025
Commit 6 on Thu Oct  9 09:21:18 UTC 2025
Commit 7 on Thu Oct  9 09:21:38 UTC 2025
Commit 1 on Fri Oct 10 09:20:12 UTC 2025
Commit 2 on Fri Oct 10 09:20:32 UTC 2025
Commit 3 on Fri Oct 10 09:20:52 UTC 2025
Commit 4 on Fri Oct 10 09:21:12 UTC 2025
Commit 5 on Fri Oct 10 09:21:32 UTC 2025
Commit 6 on Fri Oct 10 09:21:52 UTC 2025
Commit 7 on Fri Oct 10 09:22:12 UTC 2025
Commit 8 on Fri Oct 10 09:22:32 UTC 2025
Commit 1 on Sat Oct 11 09:16:34 UTC 2025
Commit 2 on Sat Oct 11 09:16:54 UTC 2025
Commit 3 on Sat Oct 11 09:17:14 UTC 2025
Commit 4 on Sat Oct 11 09:17:34 UTC 2025
Commit 5 on Sat Oct 11 09:17:54 UTC 2025
Commit 6 on Sat Oct 11 09:18:14 UTC 2025
Commit 1 on Sun Oct 12 09:16:35 UTC 2025
Commit 2 on Sun Oct 12 09:16:55 UTC 2025
Commit 3 on Sun Oct 12 09:17:15 UTC 2025
Commit 4 on Sun Oct 12 09:17:35 UTC 2025
Commit 5 on Sun Oct 12 09:17:55 UTC 2025
Commit 6 on Sun Oct 12 09:18:15 UTC 2025
Commit 7 on Sun Oct 12 09:18:35 UTC 2025
Commit 1 on Mon Oct 13 09:23:01 UTC 2025
Commit 2 on Mon Oct 13 09:23:21 UTC 2025
Commit 3 on Mon Oct 13 09:23:41 UTC 2025
Commit 4 on Mon Oct 13 09:24:01 UTC 2025
Commit 5 on Mon Oct 13 09:24:21 UTC 2025
Commit 6 on Mon Oct 13 09:24:41 UTC 2025
Commit 7 on Mon Oct 13 09:25:01 UTC 2025
Commit 1 on Tue Oct 14 09:20:31 UTC 2025
Commit 2 on Tue Oct 14 09:20:51 UTC 2025
Commit 3 on Tue Oct 14 09:21:11 UTC 2025
Commit 4 on Tue Oct 14 09:21:31 UTC 2025
Commit 5 on Tue Oct 14 09:21:51 UTC 2025
Commit 6 on Tue Oct 14 09:22:11 UTC 2025
Commit 7 on Tue Oct 14 09:22:31 UTC 2025
Commit 8 on Tue Oct 14 09:22:51 UTC 2025
Commit 1 on Wed Oct 15 09:20:21 UTC 2025
Commit 2 on Wed Oct 15 09:20:41 UTC 2025
Commit 3 on Wed Oct 15 09:21:01 UTC 2025
Commit 4 on Wed Oct 15 09:21:21 UTC 2025
Commit 5 on Wed Oct 15 09:21:41 UTC 2025
Commit 6 on Wed Oct 15 09:22:01 UTC 2025
Commit 7 on Wed Oct 15 09:22:21 UTC 2025
Commit 8 on Wed Oct 15 09:22:41 UTC 2025
Commit 1 on Thu Oct 16 09:20:55 UTC 2025
Commit 2 on Thu Oct 16 09:21:15 UTC 2025
Commit 3 on Thu Oct 16 09:21:35 UTC 2025
Commit 4 on Thu Oct 16 09:21:55 UTC 2025
Commit 5 on Thu Oct 16 09:22:15 UTC 2025
Commit 6 on Thu Oct 16 09:22:35 UTC 2025
Commit 7 on Thu Oct 16 09:22:55 UTC 2025
Commit 1 on Fri Oct 17 09:20:37 UTC 2025
Commit 2 on Fri Oct 17 09:20:57 UTC 2025
Commit 3 on Fri Oct 17 09:21:17 UTC 2025
Commit 4 on Fri Oct 17 09:21:37 UTC 2025
Commit 5 on Fri Oct 17 09:21:57 UTC 2025
Commit 6 on Fri Oct 17 09:22:17 UTC 2025
Commit 7 on Fri Oct 17 09:22:37 UTC 2025
Commit 8 on Fri Oct 17 09:22:57 UTC 2025
Commit 9 on Fri Oct 17 09:23:17 UTC 2025
Commit 1 on Sat Oct 18 09:17:21 UTC 2025
Commit 2 on Sat Oct 18 09:17:41 UTC 2025
Commit 3 on Sat Oct 18 09:18:01 UTC 2025
Commit 4 on Sat Oct 18 09:18:21 UTC 2025
Commit 5 on Sat Oct 18 09:18:41 UTC 2025
Commit 6 on Sat Oct 18 09:19:01 UTC 2025
Commit 7 on Sat Oct 18 09:19:21 UTC 2025
Commit 1 on Sun Oct 19 09:16:53 UTC 2025
Commit 2 on Sun Oct 19 09:17:13 UTC 2025
Commit 3 on Sun Oct 19 09:17:33 UTC 2025
Commit 4 on Sun Oct 19 09:17:53 UTC 2025
Commit 5 on Sun Oct 19 09:18:13 UTC 2025
Commit 6 on Sun Oct 19 09:18:33 UTC 2025
Commit 7 on Sun Oct 19 09:18:53 UTC 2025
Commit 8 on Sun Oct 19 09:19:13 UTC 2025
Commit 9 on Sun Oct 19 09:19:33 UTC 2025
Commit 1 on Mon Oct 20 09:22:18 UTC 2025
Commit 2 on Mon Oct 20 09:22:38 UTC 2025
Commit 3 on Mon Oct 20 09:22:58 UTC 2025
Commit 4 on Mon Oct 20 09:23:18 UTC 2025
Commit 5 on Mon Oct 20 09:23:38 UTC 2025
Commit 6 on Mon Oct 20 09:23:58 UTC 2025
Commit 7 on Mon Oct 20 09:24:18 UTC 2025
Commit 1 on Tue Oct 21 09:20:41 UTC 2025
Commit 2 on Tue Oct 21 09:21:01 UTC 2025
Commit 3 on Tue Oct 21 09:21:22 UTC 2025
Commit 4 on Tue Oct 21 09:21:42 UTC 2025
Commit 5 on Tue Oct 21 09:22:02 UTC 2025
Commit 6 on Tue Oct 21 09:22:22 UTC 2025
Commit 7 on Tue Oct 21 09:22:42 UTC 2025
Commit 8 on Tue Oct 21 09:23:02 UTC 2025
Commit 9 on Tue Oct 21 09:23:22 UTC 2025
Commit 1 on Wed Oct 22 09:21:52 UTC 2025
Commit 2 on Wed Oct 22 09:22:12 UTC 2025
Commit 3 on Wed Oct 22 09:22:32 UTC 2025
Commit 4 on Wed Oct 22 09:22:52 UTC 2025
Commit 5 on Wed Oct 22 09:23:12 UTC 2025
Commit 6 on Wed Oct 22 09:23:32 UTC 2025
Commit 7 on Wed Oct 22 09:23:52 UTC 2025
Commit 8 on Wed Oct 22 09:24:12 UTC 2025
Commit 9 on Wed Oct 22 09:24:32 UTC 2025
Commit 1 on Thu Oct 23 09:21:00 UTC 2025
Commit 2 on Thu Oct 23 09:21:20 UTC 2025
Commit 3 on Thu Oct 23 09:21:40 UTC 2025
Commit 4 on Thu Oct 23 09:22:00 UTC 2025
Commit 5 on Thu Oct 23 09:22:20 UTC 2025
Commit 6 on Thu Oct 23 09:22:40 UTC 2025
Commit 7 on Thu Oct 23 09:23:00 UTC 2025
Commit 8 on Thu Oct 23 09:23:20 UTC 2025
Commit 1 on Fri Oct 24 09:20:48 UTC 2025
Commit 2 on Fri Oct 24 09:21:08 UTC 2025
Commit 3 on Fri Oct 24 09:21:28 UTC 2025
Commit 4 on Fri Oct 24 09:21:48 UTC 2025
Commit 5 on Fri Oct 24 09:22:08 UTC 2025
Commit 6 on Fri Oct 24 09:22:28 UTC 2025
Commit 1 on Sat Oct 25 09:17:11 UTC 2025
Commit 2 on Sat Oct 25 09:17:31 UTC 2025
Commit 3 on Sat Oct 25 09:17:51 UTC 2025
Commit 4 on Sat Oct 25 09:18:11 UTC 2025
Commit 5 on Sat Oct 25 09:18:31 UTC 2025
Commit 6 on Sat Oct 25 09:18:51 UTC 2025
Commit 7 on Sat Oct 25 09:19:11 UTC 2025
Commit 8 on Sat Oct 25 09:19:31 UTC 2025
Commit 1 on Sun Oct 26 09:17:00 UTC 2025
Commit 2 on Sun Oct 26 09:17:20 UTC 2025
Commit 3 on Sun Oct 26 09:17:40 UTC 2025
Commit 4 on Sun Oct 26 09:18:00 UTC 2025
Commit 5 on Sun Oct 26 09:18:20 UTC 2025
Commit 6 on Sun Oct 26 09:18:40 UTC 2025
Commit 7 on Sun Oct 26 09:19:00 UTC 2025
Commit 1 on Mon Oct 27 09:24:01 UTC 2025
Commit 2 on Mon Oct 27 09:24:21 UTC 2025
Commit 3 on Mon Oct 27 09:24:41 UTC 2025
Commit 4 on Mon Oct 27 09:25:01 UTC 2025
Commit 5 on Mon Oct 27 09:25:21 UTC 2025
Commit 6 on Mon Oct 27 09:25:41 UTC 2025
Commit 7 on Mon Oct 27 09:26:01 UTC 2025
Commit 8 on Mon Oct 27 09:26:21 UTC 2025
Commit 1 on Tue Oct 28 09:20:53 UTC 2025
Commit 2 on Tue Oct 28 09:21:13 UTC 2025
Commit 3 on Tue Oct 28 09:21:33 UTC 2025
Commit 4 on Tue Oct 28 09:21:53 UTC 2025
Commit 5 on Tue Oct 28 09:22:13 UTC 2025
Commit 6 on Tue Oct 28 09:22:33 UTC 2025
Commit 1 on Wed Oct 29 09:20:23 UTC 2025
Commit 2 on Wed Oct 29 09:20:43 UTC 2025
Commit 3 on Wed Oct 29 09:21:03 UTC 2025
Commit 4 on Wed Oct 29 09:21:23 UTC 2025
Commit 5 on Wed Oct 29 09:21:43 UTC 2025
Commit 6 on Wed Oct 29 09:22:03 UTC 2025
Commit 7 on Wed Oct 29 09:22:23 UTC 2025
Commit 1 on Thu Oct 30 09:21:03 UTC 2025
Commit 2 on Thu Oct 30 09:21:23 UTC 2025
Commit 3 on Thu Oct 30 09:21:43 UTC 2025
Commit 4 on Thu Oct 30 09:22:03 UTC 2025
Commit 5 on Thu Oct 30 09:22:23 UTC 2025
Commit 6 on Thu Oct 30 09:22:43 UTC 2025
Commit 1 on Fri Oct 31 09:20:41 UTC 2025
Commit 2 on Fri Oct 31 09:21:01 UTC 2025
Commit 3 on Fri Oct 31 09:21:21 UTC 2025
Commit 4 on Fri Oct 31 09:21:41 UTC 2025
Commit 5 on Fri Oct 31 09:22:01 UTC 2025
Commit 6 on Fri Oct 31 09:22:21 UTC 2025
Commit 1 on Sat Nov  1 09:17:48 UTC 2025
Commit 2 on Sat Nov  1 09:18:08 UTC 2025
Commit 3 on Sat Nov  1 09:18:28 UTC 2025
Commit 4 on Sat Nov  1 09:18:48 UTC 2025
Commit 5 on Sat Nov  1 09:19:08 UTC 2025
Commit 6 on Sat Nov  1 09:19:28 UTC 2025
Commit 1 on Sun Nov  2 09:17:12 UTC 2025
Commit 2 on Sun Nov  2 09:17:32 UTC 2025
Commit 3 on Sun Nov  2 09:17:52 UTC 2025
Commit 4 on Sun Nov  2 09:18:12 UTC 2025
Commit 5 on Sun Nov  2 09:18:32 UTC 2025
Commit 6 on Sun Nov  2 09:18:52 UTC 2025
Commit 7 on Sun Nov  2 09:19:12 UTC 2025
Commit 1 on Mon Nov  3 09:23:56 UTC 2025
Commit 2 on Mon Nov  3 09:24:16 UTC 2025
Commit 3 on Mon Nov  3 09:24:36 UTC 2025
Commit 4 on Mon Nov  3 09:24:56 UTC 2025
Commit 5 on Mon Nov  3 09:25:16 UTC 2025
Commit 6 on Mon Nov  3 09:25:36 UTC 2025
Commit 1 on Tue Nov  4 09:22:04 UTC 2025
Commit 2 on Tue Nov  4 09:22:24 UTC 2025
Commit 3 on Tue Nov  4 09:22:44 UTC 2025
Commit 4 on Tue Nov  4 09:23:04 UTC 2025
Commit 5 on Tue Nov  4 09:23:24 UTC 2025
Commit 6 on Tue Nov  4 09:23:44 UTC 2025
Commit 7 on Tue Nov  4 09:24:04 UTC 2025
Commit 8 on Tue Nov  4 09:24:24 UTC 2025
Commit 1 on Wed Nov  5 09:21:54 UTC 2025
Commit 2 on Wed Nov  5 09:22:14 UTC 2025
Commit 3 on Wed Nov  5 09:22:34 UTC 2025
Commit 4 on Wed Nov  5 09:22:54 UTC 2025
Commit 5 on Wed Nov  5 09:23:14 UTC 2025
Commit 6 on Wed Nov  5 09:23:34 UTC 2025
Commit 1 on Thu Nov  6 09:21:19 UTC 2025
Commit 2 on Thu Nov  6 09:21:39 UTC 2025
Commit 3 on Thu Nov  6 09:21:59 UTC 2025
Commit 4 on Thu Nov  6 09:22:19 UTC 2025
Commit 5 on Thu Nov  6 09:22:39 UTC 2025
Commit 6 on Thu Nov  6 09:23:00 UTC 2025
Commit 7 on Thu Nov  6 09:23:20 UTC 2025
Commit 8 on Thu Nov  6 09:23:40 UTC 2025
Commit 1 on Fri Nov  7 09:20:08 UTC 2025
Commit 2 on Fri Nov  7 09:20:28 UTC 2025
Commit 3 on Fri Nov  7 09:20:48 UTC 2025
Commit 4 on Fri Nov  7 09:21:08 UTC 2025
Commit 5 on Fri Nov  7 09:21:28 UTC 2025
Commit 6 on Fri Nov  7 09:21:48 UTC 2025
Commit 7 on Fri Nov  7 09:22:08 UTC 2025
Commit 8 on Fri Nov  7 09:22:28 UTC 2025
Commit 1 on Sat Nov  8 09:17:42 UTC 2025
Commit 2 on Sat Nov  8 09:18:02 UTC 2025
Commit 3 on Sat Nov  8 09:18:22 UTC 2025
Commit 4 on Sat Nov  8 09:18:42 UTC 2025
Commit 5 on Sat Nov  8 09:19:02 UTC 2025
Commit 6 on Sat Nov  8 09:19:22 UTC 2025
Commit 1 on Sun Nov  9 09:17:15 UTC 2025
Commit 2 on Sun Nov  9 09:17:35 UTC 2025
Commit 3 on Sun Nov  9 09:17:55 UTC 2025
Commit 4 on Sun Nov  9 09:18:15 UTC 2025
Commit 5 on Sun Nov  9 09:18:36 UTC 2025
Commit 6 on Sun Nov  9 09:18:56 UTC 2025
Commit 7 on Sun Nov  9 09:19:16 UTC 2025
Commit 8 on Sun Nov  9 09:19:36 UTC 2025
Commit 9 on Sun Nov  9 09:19:56 UTC 2025
Commit 1 on Mon Nov 10 09:23:44 UTC 2025
Commit 2 on Mon Nov 10 09:24:04 UTC 2025
Commit 3 on Mon Nov 10 09:24:24 UTC 2025
Commit 4 on Mon Nov 10 09:24:44 UTC 2025
Commit 5 on Mon Nov 10 09:25:04 UTC 2025
Commit 6 on Mon Nov 10 09:25:24 UTC 2025
Commit 7 on Mon Nov 10 09:25:44 UTC 2025
Commit 8 on Mon Nov 10 09:26:04 UTC 2025
Commit 1 on Tue Nov 11 09:21:37 UTC 2025
Commit 2 on Tue Nov 11 09:21:57 UTC 2025
Commit 3 on Tue Nov 11 09:22:17 UTC 2025
Commit 4 on Tue Nov 11 09:22:37 UTC 2025
Commit 5 on Tue Nov 11 09:22:57 UTC 2025
Commit 6 on Tue Nov 11 09:23:17 UTC 2025
Commit 7 on Tue Nov 11 09:23:37 UTC 2025
Commit 8 on Tue Nov 11 09:23:57 UTC 2025
Commit 9 on Tue Nov 11 09:24:17 UTC 2025
Commit 1 on Wed Nov 12 09:21:25 UTC 2025
Commit 2 on Wed Nov 12 09:21:45 UTC 2025
Commit 3 on Wed Nov 12 09:22:05 UTC 2025
Commit 4 on Wed Nov 12 09:22:25 UTC 2025
Commit 5 on Wed Nov 12 09:22:45 UTC 2025
Commit 6 on Wed Nov 12 09:23:05 UTC 2025
Commit 1 on Thu Nov 13 09:21:48 UTC 2025
Commit 2 on Thu Nov 13 09:22:08 UTC 2025
Commit 3 on Thu Nov 13 09:22:28 UTC 2025
Commit 4 on Thu Nov 13 09:22:48 UTC 2025
Commit 5 on Thu Nov 13 09:23:08 UTC 2025
Commit 6 on Thu Nov 13 09:23:28 UTC 2025
Commit 7 on Thu Nov 13 09:23:48 UTC 2025
Commit 8 on Thu Nov 13 09:24:08 UTC 2025
Commit 1 on Fri Nov 14 09:21:28 UTC 2025
Commit 2 on Fri Nov 14 09:21:48 UTC 2025
Commit 3 on Fri Nov 14 09:22:08 UTC 2025
Commit 4 on Fri Nov 14 09:22:28 UTC 2025
Commit 5 on Fri Nov 14 09:22:48 UTC 2025
Commit 6 on Fri Nov 14 09:23:08 UTC 2025
Commit 7 on Fri Nov 14 09:23:28 UTC 2025
Commit 8 on Fri Nov 14 09:23:48 UTC 2025
Commit 1 on Sat Nov 15 09:17:43 UTC 2025
Commit 2 on Sat Nov 15 09:18:03 UTC 2025
Commit 3 on Sat Nov 15 09:18:23 UTC 2025
Commit 4 on Sat Nov 15 09:18:43 UTC 2025
Commit 5 on Sat Nov 15 09:19:03 UTC 2025
Commit 6 on Sat Nov 15 09:19:23 UTC 2025
Commit 7 on Sat Nov 15 09:19:43 UTC 2025
Commit 1 on Sun Nov 16 09:18:13 UTC 2025
Commit 2 on Sun Nov 16 09:18:33 UTC 2025
Commit 3 on Sun Nov 16 09:18:53 UTC 2025
Commit 4 on Sun Nov 16 09:19:13 UTC 2025
Commit 5 on Sun Nov 16 09:19:33 UTC 2025
Commit 6 on Sun Nov 16 09:19:53 UTC 2025
Commit 7 on Sun Nov 16 09:20:13 UTC 2025
Commit 8 on Sun Nov 16 09:20:33 UTC 2025
Commit 1 on Mon Nov 17 09:24:48 UTC 2025
Commit 2 on Mon Nov 17 09:25:08 UTC 2025
Commit 3 on Mon Nov 17 09:25:28 UTC 2025
Commit 4 on Mon Nov 17 09:25:48 UTC 2025
Commit 5 on Mon Nov 17 09:26:08 UTC 2025
Commit 6 on Mon Nov 17 09:26:28 UTC 2025
Commit 7 on Mon Nov 17 09:26:48 UTC 2025
Commit 8 on Mon Nov 17 09:27:08 UTC 2025
Commit 1 on Tue Nov 18 09:21:44 UTC 2025
Commit 2 on Tue Nov 18 09:22:04 UTC 2025
Commit 3 on Tue Nov 18 09:22:24 UTC 2025
Commit 4 on Tue Nov 18 09:22:44 UTC 2025
Commit 5 on Tue Nov 18 09:23:04 UTC 2025
Commit 6 on Tue Nov 18 09:23:24 UTC 2025
Commit 1 on Wed Nov 19 09:22:36 UTC 2025
Commit 2 on Wed Nov 19 09:22:56 UTC 2025
Commit 3 on Wed Nov 19 09:23:16 UTC 2025
Commit 4 on Wed Nov 19 09:23:36 UTC 2025
Commit 5 on Wed Nov 19 09:23:56 UTC 2025
Commit 6 on Wed Nov 19 09:24:16 UTC 2025
Commit 7 on Wed Nov 19 09:24:36 UTC 2025
Commit 8 on Wed Nov 19 09:24:56 UTC 2025
Commit 9 on Wed Nov 19 09:25:16 UTC 2025
Commit 1 on Thu Nov 20 09:20:48 UTC 2025
Commit 2 on Thu Nov 20 09:21:08 UTC 2025
Commit 3 on Thu Nov 20 09:21:28 UTC 2025
Commit 4 on Thu Nov 20 09:21:48 UTC 2025
Commit 5 on Thu Nov 20 09:22:08 UTC 2025
Commit 6 on Thu Nov 20 09:22:28 UTC 2025
Commit 7 on Thu Nov 20 09:22:48 UTC 2025
Commit 1 on Fri Nov 21 09:20:22 UTC 2025
Commit 2 on Fri Nov 21 09:20:42 UTC 2025
Commit 3 on Fri Nov 21 09:21:02 UTC 2025
Commit 4 on Fri Nov 21 09:21:22 UTC 2025
Commit 5 on Fri Nov 21 09:21:42 UTC 2025
Commit 6 on Fri Nov 21 09:22:02 UTC 2025
Commit 1 on Sat Nov 22 09:18:29 UTC 2025
Commit 2 on Sat Nov 22 09:18:49 UTC 2025
Commit 3 on Sat Nov 22 09:19:09 UTC 2025
Commit 4 on Sat Nov 22 09:19:29 UTC 2025
Commit 5 on Sat Nov 22 09:19:49 UTC 2025
Commit 6 on Sat Nov 22 09:20:09 UTC 2025
Commit 1 on Sun Nov 23 09:28:37 UTC 2025
Commit 2 on Sun Nov 23 09:28:57 UTC 2025
Commit 3 on Sun Nov 23 09:29:17 UTC 2025
Commit 4 on Sun Nov 23 09:29:37 UTC 2025
Commit 5 on Sun Nov 23 09:29:57 UTC 2025
Commit 6 on Sun Nov 23 09:30:17 UTC 2025
Commit 7 on Sun Nov 23 09:30:37 UTC 2025
Commit 8 on Sun Nov 23 09:30:57 UTC 2025
Commit 1 on Mon Nov 24 09:25:12 UTC 2025
Commit 2 on Mon Nov 24 09:25:32 UTC 2025
Commit 3 on Mon Nov 24 09:25:52 UTC 2025
Commit 4 on Mon Nov 24 09:26:12 UTC 2025
Commit 5 on Mon Nov 24 09:26:32 UTC 2025
Commit 6 on Mon Nov 24 09:26:52 UTC 2025
Commit 1 on Tue Nov 25 09:23:37 UTC 2025
Commit 2 on Tue Nov 25 09:23:57 UTC 2025
Commit 3 on Tue Nov 25 09:24:17 UTC 2025
Commit 4 on Tue Nov 25 09:24:37 UTC 2025
Commit 5 on Tue Nov 25 09:24:57 UTC 2025
Commit 6 on Tue Nov 25 09:25:17 UTC 2025
Commit 1 on Wed Nov 26 09:23:04 UTC 2025
Commit 2 on Wed Nov 26 09:23:24 UTC 2025
Commit 3 on Wed Nov 26 09:23:44 UTC 2025
Commit 4 on Wed Nov 26 09:24:04 UTC 2025
Commit 5 on Wed Nov 26 09:24:24 UTC 2025
Commit 6 on Wed Nov 26 09:24:44 UTC 2025
Commit 1 on Thu Nov 27 09:22:30 UTC 2025
Commit 2 on Thu Nov 27 09:22:50 UTC 2025
Commit 3 on Thu Nov 27 09:23:10 UTC 2025
Commit 4 on Thu Nov 27 09:23:30 UTC 2025
Commit 5 on Thu Nov 27 09:23:50 UTC 2025
Commit 6 on Thu Nov 27 09:24:10 UTC 2025
Commit 7 on Thu Nov 27 09:24:30 UTC 2025
Commit 1 on Fri Nov 28 09:20:53 UTC 2025
Commit 2 on Fri Nov 28 09:21:13 UTC 2025
Commit 3 on Fri Nov 28 09:21:33 UTC 2025
Commit 4 on Fri Nov 28 09:21:53 UTC 2025
Commit 5 on Fri Nov 28 09:22:13 UTC 2025
Commit 6 on Fri Nov 28 09:22:33 UTC 2025
Commit 7 on Fri Nov 28 09:22:53 UTC 2025
Commit 8 on Fri Nov 28 09:23:13 UTC 2025
Commit 1 on Sat Nov 29 09:19:20 UTC 2025
Commit 2 on Sat Nov 29 09:19:40 UTC 2025
Commit 3 on Sat Nov 29 09:20:00 UTC 2025
Commit 4 on Sat Nov 29 09:20:20 UTC 2025
Commit 5 on Sat Nov 29 09:20:40 UTC 2025
Commit 6 on Sat Nov 29 09:21:00 UTC 2025
Commit 7 on Sat Nov 29 09:21:20 UTC 2025
Commit 1 on Sun Nov 30 09:18:31 UTC 2025
Commit 2 on Sun Nov 30 09:18:51 UTC 2025
Commit 3 on Sun Nov 30 09:19:11 UTC 2025
Commit 4 on Sun Nov 30 09:19:31 UTC 2025
Commit 5 on Sun Nov 30 09:19:51 UTC 2025
Commit 6 on Sun Nov 30 09:20:11 UTC 2025
Commit 7 on Sun Nov 30 09:20:31 UTC 2025
Commit 1 on Mon Dec  1 09:28:36 UTC 2025
Commit 2 on Mon Dec  1 09:28:56 UTC 2025
Commit 3 on Mon Dec  1 09:29:16 UTC 2025
Commit 4 on Mon Dec  1 09:29:36 UTC 2025
Commit 5 on Mon Dec  1 09:29:56 UTC 2025
Commit 6 on Mon Dec  1 09:30:16 UTC 2025
Commit 7 on Mon Dec  1 09:30:36 UTC 2025
Commit 8 on Mon Dec  1 09:30:56 UTC 2025
Commit 1 on Tue Dec  2 09:26:16 UTC 2025
Commit 2 on Tue Dec  2 09:26:36 UTC 2025
Commit 3 on Tue Dec  2 09:26:56 UTC 2025
Commit 4 on Tue Dec  2 09:27:16 UTC 2025
Commit 5 on Tue Dec  2 09:27:36 UTC 2025
Commit 6 on Tue Dec  2 09:27:56 UTC 2025
Commit 1 on Wed Dec  3 09:24:58 UTC 2025
Commit 2 on Wed Dec  3 09:25:18 UTC 2025
Commit 3 on Wed Dec  3 09:25:38 UTC 2025
Commit 4 on Wed Dec  3 09:25:58 UTC 2025
Commit 5 on Wed Dec  3 09:26:18 UTC 2025
Commit 6 on Wed Dec  3 09:26:38 UTC 2025
Commit 7 on Wed Dec  3 09:26:58 UTC 2025
Commit 1 on Thu Dec  4 09:24:57 UTC 2025
Commit 2 on Thu Dec  4 09:25:17 UTC 2025
Commit 3 on Thu Dec  4 09:25:37 UTC 2025
Commit 4 on Thu Dec  4 09:25:57 UTC 2025
Commit 5 on Thu Dec  4 09:26:17 UTC 2025
Commit 6 on Thu Dec  4 09:26:37 UTC 2025
Commit 7 on Thu Dec  4 09:26:57 UTC 2025
Commit 8 on Thu Dec  4 09:27:17 UTC 2025
Commit 9 on Thu Dec  4 09:27:37 UTC 2025
Commit 1 on Fri Dec  5 09:21:40 UTC 2025
Commit 2 on Fri Dec  5 09:22:00 UTC 2025
Commit 3 on Fri Dec  5 09:22:20 UTC 2025
Commit 4 on Fri Dec  5 09:22:40 UTC 2025
Commit 5 on Fri Dec  5 09:23:00 UTC 2025
Commit 6 on Fri Dec  5 09:23:20 UTC 2025
Commit 1 on Sat Dec  6 09:19:04 UTC 2025
Commit 2 on Sat Dec  6 09:19:24 UTC 2025
Commit 3 on Sat Dec  6 09:19:45 UTC 2025
Commit 4 on Sat Dec  6 09:20:05 UTC 2025
Commit 5 on Sat Dec  6 09:20:25 UTC 2025
Commit 6 on Sat Dec  6 09:20:45 UTC 2025
Commit 1 on Sun Dec  7 09:18:42 UTC 2025
Commit 2 on Sun Dec  7 09:19:02 UTC 2025
Commit 3 on Sun Dec  7 09:19:22 UTC 2025
Commit 4 on Sun Dec  7 09:19:42 UTC 2025
Commit 5 on Sun Dec  7 09:20:02 UTC 2025
Commit 6 on Sun Dec  7 09:20:22 UTC 2025
Commit 7 on Sun Dec  7 09:20:42 UTC 2025
Commit 8 on Sun Dec  7 09:21:02 UTC 2025
Commit 1 on Mon Dec  8 09:28:02 UTC 2025
Commit 2 on Mon Dec  8 09:28:22 UTC 2025
Commit 3 on Mon Dec  8 09:28:42 UTC 2025
Commit 4 on Mon Dec  8 09:29:02 UTC 2025
Commit 5 on Mon Dec  8 09:29:22 UTC 2025
Commit 6 on Mon Dec  8 09:29:42 UTC 2025
Commit 7 on Mon Dec  8 09:30:02 UTC 2025
Commit 1 on Tue Dec  9 09:24:15 UTC 2025
Commit 2 on Tue Dec  9 09:24:35 UTC 2025
Commit 3 on Tue Dec  9 09:24:55 UTC 2025
Commit 4 on Tue Dec  9 09:25:15 UTC 2025
Commit 5 on Tue Dec  9 09:25:35 UTC 2025
Commit 6 on Tue Dec  9 09:25:55 UTC 2025
Commit 7 on Tue Dec  9 09:26:15 UTC 2025
Commit 8 on Tue Dec  9 09:26:35 UTC 2025
Commit 1 on Wed Dec 10 09:24:50 UTC 2025
Commit 2 on Wed Dec 10 09:25:10 UTC 2025
Commit 3 on Wed Dec 10 09:25:30 UTC 2025
Commit 4 on Wed Dec 10 09:25:50 UTC 2025
Commit 5 on Wed Dec 10 09:26:10 UTC 2025
Commit 6 on Wed Dec 10 09:26:30 UTC 2025
Commit 7 on Wed Dec 10 09:26:50 UTC 2025
Commit 8 on Wed Dec 10 09:27:10 UTC 2025
Commit 9 on Wed Dec 10 09:27:30 UTC 2025
Commit 1 on Thu Dec 11 09:26:13 UTC 2025
Commit 2 on Thu Dec 11 09:26:33 UTC 2025
Commit 3 on Thu Dec 11 09:26:53 UTC 2025
Commit 4 on Thu Dec 11 09:27:13 UTC 2025
Commit 5 on Thu Dec 11 09:27:33 UTC 2025
Commit 6 on Thu Dec 11 09:27:53 UTC 2025
Commit 7 on Thu Dec 11 09:28:13 UTC 2025
Commit 1 on Fri Dec 12 09:24:45 UTC 2025
Commit 2 on Fri Dec 12 09:25:05 UTC 2025
Commit 3 on Fri Dec 12 09:25:25 UTC 2025
Commit 4 on Fri Dec 12 09:25:45 UTC 2025
Commit 5 on Fri Dec 12 09:26:05 UTC 2025
Commit 6 on Fri Dec 12 09:26:26 UTC 2025
Commit 7 on Fri Dec 12 09:26:46 UTC 2025
Commit 8 on Fri Dec 12 09:27:06 UTC 2025
Commit 1 on Sat Dec 13 09:19:09 UTC 2025
Commit 2 on Sat Dec 13 09:19:29 UTC 2025
Commit 3 on Sat Dec 13 09:19:49 UTC 2025
Commit 4 on Sat Dec 13 09:20:09 UTC 2025
Commit 5 on Sat Dec 13 09:20:29 UTC 2025
Commit 6 on Sat Dec 13 09:20:49 UTC 2025
Commit 7 on Sat Dec 13 09:21:09 UTC 2025
Commit 8 on Sat Dec 13 09:21:29 UTC 2025
Commit 9 on Sat Dec 13 09:21:49 UTC 2025
Commit 1 on Sun Dec 14 09:19:50 UTC 2025
Commit 2 on Sun Dec 14 09:20:10 UTC 2025
Commit 3 on Sun Dec 14 09:20:30 UTC 2025
Commit 4 on Sun Dec 14 09:20:50 UTC 2025
Commit 5 on Sun Dec 14 09:21:10 UTC 2025
Commit 6 on Sun Dec 14 09:21:30 UTC 2025
Commit 1 on Mon Dec 15 09:32:06 UTC 2025
Commit 2 on Mon Dec 15 09:32:26 UTC 2025
Commit 3 on Mon Dec 15 09:32:46 UTC 2025
Commit 4 on Mon Dec 15 09:33:06 UTC 2025
